code,Title,EOS_20,EOS_19
AC120,International Business,209.0,234.0
AC137,Liberal Arts,252.0,252.0
AD215,Visual Culture,320.0,300.0
AL801,Software Design with Virtual Reality and Gaming,303.0,304.0
AL802,Software Design with Artificial Intelligence for Cloud Computing,332.0,301.0
AL803,Software Design with Mobile Apps and Connected Devices,337.0,309.0
AL805,Computer Engineering with Network Infrastructure,333.0,329.0
AL810,Quantity Surveying,326.0,307.0
AL820,Mechanical and Polymer Engineering,308.0,300.0
AL830,General Nursing,442.0,410.0
AL832,Psychiatric Nursing,384.0,387.0
AL836,Nutrition and Health Science,334.0,352.0
AL837,Sports Science with Exercise Physiology,351.0,351.0
AL838,Biotechnology,307.0,302.0
AL839,Microbiology,325.0,322.0
AL840,Pharmaceutical Sciences,347.0,328.0
AL841,Athletic and Rehabilitation Therapy,430.0,423.0
AL842,Bioveterinary Science,313.0,310.0
AL843,Physical Activity and Health Science,306.0,310.0
AL850,Business,309.0,307.0
AL851,Business and Law,295.0,301.0
AL852,Accounting,309.0,290.0
AL855,Hospitality Management (with international placement),308.0,312.0
AL857,Digital Marketing,304.0,300.0
AL860,Social Care Practice,300.0,309.0
AL864,Early Years Care and Education,307.0,307.0
AL870,Applied Psychology,418.0,409.0
AS003,"Education, Home Economics and Irish - with concurrent Teacher Ed",440.0,421.0
AS051,"Nutrition, Food and Business Management",317.0,337.0
AS054,Home Economics,398.0,387.0
AS130,Intellectual Disability Nursing,317.0,317.0
CK101,Arts - 3 years,300.0,300.0
CK102,Social Science,412.0,391.0
CK105,Film and Screen Media - 3 years or 4 years (International Pathway),319.0,397.0
CK107,Geographical and Archaeological Sciences - 3 or 4 years (Int`l Pathway),328.0,326.0
CK108,Arts International - 4 years,401.0,429.0
CK109,English - 3 years or 4 years (International Pathway),318.0,347.0
CK110,World Languages,410.0,456.0
CK111,Early Years and Childhood Studies,419.0,398.0
CK113,Criminology - 3 years or 4 years (International Pathway),423.0,408.0
CK118,Digital Humanities and IT - 3 or 4 years (Work Exper. or Int`l Pathway),336.0,307.0
CK120,Applied Psychology,531.0,506.0
CK121,Psychology and Computing - 3 or 4 years (Work Experience Pathway),466.0,393.0
CK122,Government and Political Science,326.0,355.0
CK202,Accounting,509.0,467.0
CK203,Business Information Systems,430.0,409.0
CK204,Finance,556.0,531.0
CK205,Commerce (International) with French,445.0,409.0
CK206,Commerce (International) with German,418.0,408.0
CK207,Commerce (International) with Italian,388.0,408.0
CK208,Commerce (International) with Hispanic Studies,402.0,431.0
CK209,Commerce (International) with Irish,484.0,509.0
CK211,Commerce (International) with Chinese Studies,397.0,398.0
CK212,Economics (through Transformational Learning) 3 or 4 years Int`l Pathway,444.0,400.0
CK301,Law (Pathways) -  3 or 4 years,498.0,476.0
CK302,Law and French,542.0,453.0
CK304,Law and Irish,540.0,462.0
CK307,Law and Business,556.0,522.0
CK401,Computer Science,468.0,402.0
CK402,Biological and Chemical Sciences,509.0,498.0
CK404,"Biological, Earth and Environmental Sciences",465.0,412.0
CK405,Genetics,487.0,476.0
CK406,Chemical Sciences,462.0,457.0
CK407,Mathematical Sciences,565.0,531.0
CK408,Physics and Astrophysics,531.0,511.0
CK409,Industrial Physics - Offered jointly by UCC and CIT,432.0,413.0
CK411,Data Science and Analytics,509.0,509.0
CK412,Agricultural Science,489.0,457.0
CK504,Nutritional Sciences,517.0,492.0
CK505,Food Science,420.0,444.0
CK600,Engineering,487.0,465.0
CK606,Architecture - Offered jointly by UCC and CIT,469.0,465.0
CK702,Dentistry,613.0,590.0
CK703,Pharmacy,589.0,577.0
CK705,Speech and Language Therapy,520.0,509.0
CK706,Public Health Sciences,454.0,419.0
CK710,General Nursing,454.0,440.0
CK712,Children`s and General Nursing (Integrated),533.0,499.0
CK720,Mental Health Nursing,419.0,398.0
CK730,Intellectual Disability Nursing,400.0,359.0
CK740,Midwifery,473.0,444.0
CM010,Education Studies,317.0,317.0
CM020,Early Childhood Education,327.0,336.0
CR105,Chemical and Biopharmaceutical Engineering,443.0,432.0
CR106,Software Development,411.0,351.0
CR108,Mechanical Engineering,434.0,425.0
CR109,Structural Engineering,394.0,341.0
CR110,Automotive Business Management and Technology,311.0,318.0
CR112,Creative Digital Media,361.0,335.0
CR116,Computer Systems,332.0,318.0
CR150,Business Information Systems,335.0,326.0
CR305,Physical Sciences (Common Entry),282.0,279.0
CR310,IT Management,297.0,282.0
CR320,Biomedical Science - Offered jointly by CIT and UCC,565.0,546.0
CR325,Pharmaceutical Biotechnology,398.0,388.0
CR333,Nutrition and Health Science,402.0,360.0
CR335,Biological Sciences (Common Entry),420.0,381.0
CR340,Analytical Chemistry with Quality Assurance,251.0,288.0
CR360,Instrument Engineering,261.0,291.0
CR365,Environmental Science and Sustainable Technology,253.0,334.0
CR370,Agri-Biosciences,397.0,408.0
CR400,Accounting,316.0,316.0
CR420,Marketing,285.0,288.0
CR425,International Business with Language,298.0,300.0
CR500,Engineering (Common Entry),411.0,381.0
CR510,Sustainable Energy Engineering,320.0,319.0
CR520,Biomedical Engineering,444.0,434.0
CR560,Architectural Technology,308.0,288.0
CR565,Interior Architecture,359.0,336.0
CR570,Quantity Surveying,336.0,279.0
CR572,Construction Management,269.0,253.0
CR580,Electrical Engineering,318.0,344.0
CR590,Electronic Engineering,303.0,342.0
CR660,Tourism Management,252.0,249.0
CT125,Information Technology,220.0,235.0
CW018,Business (options),248.0,327.0
CW028,Early Childhood Education and Care,252.0,252.0
CW058,Tourism and Event Management,298.0,252.0
CW068,Applied Social Studies in Professional Social Care,245.0,251.0
CW078,Sustainable Farm Management and Agribusiness,269.0,266.0
CW088,Visual Communications and Design,274.0,309.0
CW108,Science (options),261.0,261.0
CW128,Brewing and Distilling,263.0,271.0
CW188,Sport Rehabilitation and Athletic Therapy,448.0,454.0
CW208,Computer Games Development,279.0,281.0
CW238,Software Development,297.0,300.0
CW248,Information Technology Management,285.0,307.0
CW258,Cybercrime and IT Security,293.0,300.0
CW268,Computing in Interactive Digital Art and Design,287.0,274.0
CW438,Construction (options),272.0,271.0
CW468,Architectural Technology,262.0,252.0
CW478,Civil Engineering,433.0,348.0
CW548,Mechanical Engineering,321.0,310.0
CW558,Electronic Systems,280.0,279.0
CW568,Aerospace Engineering,380.0,366.0
CW578,TV and Media Production,325.0,327.0
CW708,Law - LLB,302.0,298.0
CW728,Product Design Innovation,252.0,286.0
CW748,Early Childhood Education and Care,270.0,265.0
CW758,Professional Social Care Practice,336.0,290.0
CW808,Media and Public Relations,251.0,248.0
CW848,Digital Marketing with Analytics,269.0,279.0
CW908,Business (options),280.0,260.0
CW938,Business with Law,283.0,270.0
CW948,Accounting,300.0,301.0
DB500,Computing,218.0,242.0
DB501,Computing (Cloud Computing),227.0,326.0
DB502,Computing (Data Analytics and Big Data),334.0,269.0
DB503,Computing (Software Development),225.0,242.0
DB504,Computing (Web and Mobile Technology),281.0,227.0
DB510,Audio Production and Music Project Management,223.0,233.0
DB512,Business Studies,203.0,229.0
DB514,Business Studies (Law),251.0,269.0
DB515,Business Studies (Human Resource Management),244.0,225.0
DB517,Marketing (Event Management),238.0,226.0
DB521,Accounting and Finance,195.0,225.0
DB524,Business (Information Systems),309.0,402.0
DB526,Business (Cloud Computing),347.0,253.0
DB527,Applied Social Care,234.0,235.0
DB531,Marketing,293.0,220.0
DB562,Psychology,229.0,208.0
DB566,Social Science,220.0,216.0
DB567,Film and Creative Media,202.0,192.0
DB568,Law,217.0,245.0
DB569,Business (Psychology),252.0,279.0
DC001,Education - Early Childhood Education,440.0,398.0
DC009,Arts (Joint Honours) - Humanities,376.0,347.0
DC010,Post Primary Teacher Education - Religious Education and English,429.0,386.0
DC011,Post Primary Teacher Education - Religious Education and History,391.0,352.0
DC013,Post Primary Teacher Ed - Gaeilge with French/German/Spanish,419.0,410.0
DC110,Business Studies International,465.0,440.0
DC111,Business Studies,488.0,463.0
DC112,Global Business (France),510.0,495.0
DC113,Global Business (Germany),462.0,440.0
DC114,Global Business (Spain),522.0,501.0
DC115,Accounting and Finance,510.0,487.0
DC116,Global Business (USA),579.0,578.0
DC117,Aviation Management / Aviation Management with Pilot Studies,475.0,463.0
DC118,Gnó agus Gaeilge / Business and Irish,359.0,357.0
DC119,Global Business (Canada),564.0,566.0
DC120,Enterprise Computing,357.0,350.0
DC121,Computer Applications,400.0,370.0
DC123,Data Science,465.0,467.0
DC126,Actuarial Mathematics,560.0,520.0
DC127,Common Entry into Actuarial and Financial Mathematics,520.0,509.0
DC131,Communication Studies,402.0,400.0
DC132,Journalism,422.0,401.0
DC133,Multimedia,410.0,403.0
DC155,Applied Language and Translation Studies,387.0,371.0
DC161,Analytical Science,489.0,446.0
DC162,Chemical and Pharmaceutical Sciences,521.0,488.0
DC166,Environmental Science and Technology,399.0,412.0
DC168,Genetics and Cell Biology,510.0,489.0
DC181,Biotechnology,495.0,476.0
DC190,Electronic and Computer Engineering (with choice of four majors),413.0,391.0
DC193,Mechatronic Engineering,411.0,404.0
DC195,Mechanical and Manufacturing Engineering,425.0,401.0
DC197,Biomedical Engineering,423.0,402.0
DC200,Common Entry into Engineering (Undenominated Entry),422.0,381.0
DC201,Common Entry into Science (Undenominated Entry),488.0,454.0
DC202,Sport Science and Health,498.0,467.0
DC203,Science Education,435.0,424.0
DC204,Athletic Therapy and Training,519.0,484.0
DC205,Physical Education with Biology,531.0,490.0
DC206,Physical Education with Mathematics,499.0,443.0
DC208,Psychology,521.0,509.0
DC209,Health and Society,440.0,419.0
DC215,General Nursing,433.0,414.0
DC216,Mental Health Nursing,403.0,368.0
DC217,Intellectual Disability Nursing,370.0,347.0
DC218,Children`s and General Nursing (Integrated),498.0,467.0
DC230,"Economics, Politics and Law",435.0,400.0
DC231,International Relations,397.0,387.0
DC232,Law and Society (BCL),466.0,453.0
DC235,Education and Training - Daytime and Flexible Delivery Mode (full-time),309.0,307.0
DC238,Social Sciences and Cultural Innovation,377.0,358.0
DC240,"Marketing, Innovation and Technology",474.0,451.0
DC291,Arts (Joint Honours) - Media Studies,376.0,349.0
DC292,Arts (Joint Honours) - Law,403.0,356.0
DC293,Arts (Joint Honours) - International Languages,377.0,369.0
DC295,Arts (Joint Honours) - Politics,376.0,348.0
DK810,Accounting and Finance,305.0,306.0
DK816,Business Studies,300.0,300.0
DK820,Computing in Games Development,311.0,307.0
DK821,Computing in Software Development,302.0,301.0
DK830,Building Surveying,336.0,302.0
DK831,Architectural Technology,389.0,301.0
DK832,Construction Management,387.0,300.0
DK843,Engineering (Common Entry),340.0,303.0
DK861,Arts,302.0,300.0
DK862,Social Care,301.0,300.0
DK863,Creative Media,308.0,300.0
DK864,Film and Television Production,300.0,300.0
DK865,Audio and Music Production,301.0,301.0
DK870,General Nursing,397.0,392.0
DK872,Intellectual Disability Nursing,336.0,300.0
DK874,Mental Health Nursing,356.0,356.0
DK876,Early Childhood Studies,321.0,305.0
DK880,Health and Physical Activity,328.0,300.0
DK882,Agriculture (Award options),310.0,303.0
DK883,Science (Award options),300.0,300.0
DL821,"English, Media and Cultural Studies",212.0,211.0
DL822,Arts Management,235.0,209.0
DL823,Business Management,237.0,260.0
DL825,Applied Psychology,379.0,349.0
DL836,Creative Computing,219.0,217.0
DL837,New Media Studies,201.0,290.0
DN100,Architecture,510.0,473.0
DN120,Landscape Architecture,407.0,353.0
DN130,City Planning and Environmental Policy,390.0,367.0
DN150,Engineering (Common Entry),520.0,511.0
DN200,Science (options),533.0,521.0
DN201,Computer Science (Common Entry),510.0,488.0
DN230,Actuarial and Financial Studies,601.0,577.0
DN250,Agricultural Science (options),453.0,420.0
DN252,Dairy Business,410.0,398.0
DN253,Agri - Environmental Sciences,413.0,403.0
DN261,Food Science,476.0,434.0
DN262,Human Nutrition,531.0,493.0
DN271,Forestry,311.0,303.0
DN272,"Horticulture, Landscape and Sportsturf Management",282.0,252.0
DN310,Veterinary Nursing,466.0,441.0
DN410,Radiography,531.0,507.0
DN420,Physiotherapy,568.0,542.0
DN425,Health and Performance Science,507.0,488.0
DN430,Sport and Exercise Management,433.0,436.0
DN450,General Nursing,421.0,398.0
DN452,Midwifery,473.0,409.0
DN453,Mental Health Nursing,393.0,379.0
DN520,Joint Honours (options),310.0,336.0
DN530,Humanities (options),326.0,348.0
DN541,Modern Languages (options),300.0,348.0
DN610,Business and Law,544.0,521.0
DN660,Commerce International (options),510.0,507.0
DN670,Economics and Finance,613.0,601.0
DN700,Social Sciences (options),418.0,388.0
DN710,Economics,498.0,476.0
DN720,Psychology,522.0,517.0
DN750,Social Policy and Sociology,377.0,330.0
GA181,Accounting,309.0,303.0
GA182,Business,287.0,290.0
GA183,Business Information Systems,296.0,309.0
GA184,Marketing and Sales,307.0,307.0
GA185,Finance and Economics,293.0,307.0
GA186,Business with Entrepreneurship,280.0,297.0
GA187,Rural Enterprise and Agri-Business,281.0,280.0
GA281,Film and Documentary,304.0,287.0
GA282,Heritage Studies,220.0,238.0
GA283,Contemporary Art,679.0,260.0
GA284,Design,303.0,309.0
GA380,International Hotel Management,242.0,225.0
GA381,International Tourism Management,278.0,261.0
GA382,Culinary and Gastronomic Science,206.0,225.0
GA384,Event Management with Public Relations,212.0,209.0
GA480,Construction Management,260.0,260.0
GA482,Quantity Surveying and Construction Economics,288.0,280.0
GA483,Architectural Technology,265.0,251.0
GA484,Civil Engineering,290.0,270.0
GA580,Software and Electronic Engineering,300.0,301.0
GA680,Mechanical Engineering,330.0,336.0
GA681,Energy Engineering,293.0,281.0
GA682,Biomedical Engineering,313.0,331.0
GA683,Agricultural Engineering,309.0,301.0
GA684,Engineering (Common entry to Agri/Biomed/Energy/Mech Eng),340.0,346.0
GA780,Applied Freshwater and Marine Biology,327.0,300.0
GA781,Applied Biology and Biopharmaceutical Science,337.0,317.0
GA782,Chemical and Pharmaceutical Science,336.0,307.0
GA783,Physics and Instrumentation,363.0,373.0
GA784,Science (Undenominated),372.0,327.0
GA785,Medical Science,473.0,451.0
GA786,Forensic Science and Analysis,317.0,300.0
GA787,Computing in Software Development,270.0,275.0
GA788,Computing and Digital Media,282.0,270.0
GA789,Agriculture and Environmental Management,289.0,297.0
GA790,Sport and Exercise Science,356.0,350.0
GA791,Public Health Nutrition,368.0,364.0
GA882,Psychiatric Nursing,367.0,346.0
GA885,Outdoor Education,252.0,210.0
GA887,History and Geography,244.0,228.0
GA889,Applied Social Care,266.0,260.0
GA890,Early Childhood Education and Care,270.0,278.0
GA980,Education (Design Graphics and Construction),377.0,376.0
GC200,Business Studies,252.0,269.0
GC201,Accounting and Finance,303.0,251.0
GC230,Computing Science,325.0,228.0
GC300,Business Studies,390.0,251.0
GC301,Accounting & Finance,253.0,307.0
GC305,International Hospitality Management,253.0,327.0
GC400,Business Studies,248.0,246.0
GC401,Accounting and Finance,202.0,181.0
GC402,Business Studies (HRM),218.0,217.0
GC403,Law,228.0,225.0
GC407,Business Studies (Marketing),218.0,246.0
GC430,Computing Science,220.0,217.0
GC450,Communications and Media Production,254.0,227.0
GY101,Arts (Joint-Honours),300.0,300.0
GY104,Arts (Psychology),519.0,507.0
GY105,Arts (History),301.0,318.0
GY107,Na Dána (Gaeilge agus Léann an Aistriúcháin),409.0,330.0
GY109,Arts (Mathematics and Education),403.0,411.0
GY110,Arts with Children`s Studies,357.0,382.0
GY111,Arts with Creative Writing,330.0,402.0
GY112,Arts with Film Studies,321.0,338.0
GY113,Arts with Human Rights,368.0,338.0
GY115,Arts with Performing Arts Studies,387.0,328.0
GY118,"Arts (Drama, Theatre and Performance Studies)",451.0,410.0
GY119,Arts (Journalism),400.0,410.0
GY120,"Arts (Child, Youth and Family: Policy and Practice)",350.0,309.0
GY121,Arts (Children`s Studies),356.0,356.0
GY122,Na Dána (Cumarsáid agus Gaeilge),361.0,308.0
GY123,Applied Social Sciences,358.0,357.0
GY124,Arts (Arts with Data Science),454.0,434.0
GY125,Arts (Digital Arts and Technology),328.0,324.0
GY126,Arts (English and Media Studies),391.0,418.0
GY127,Arts (Film and Digital Media),401.0,387.0
GY128,Arts (Global Languages),352.0,370.0
GY129,Arts (International),420.0,408.0
GY130,Arts (Music),408.0,400.0
GY131,Arts (History and Globalisation Studies),360.0,340.0
GY132,"Government (Politics, Economics and Law)",407.0,402.0
GY133,Education (Computer Science and Mathematical Studies),422.0,401.0
GY201,Commerce,433.0,420.0
GY202,Commerce (International) with French,484.0,484.0
GY203,Commerce (International) with German,489.0,489.0
GY204,Commerce (International) with Spanish,495.0,484.0
GY206,Business Information Systems (Work Placement & Optional Int`l Study),465.0,431.0
GY207,Commerce (Accounting) including optional Global Experience year,509.0,486.0
GY208,Commerce (Gaeilge),473.0,473.0
GY209,Commerce (Global Experience),530.0,509.0
GY250,Law and Business,487.0,436.0
GY251,Law (BCL),499.0,473.0
GY252,Law (BCL) and Human Rights,520.0,510.0
GY301,Science,432.0,400.0
GY303,Biomedical Science,556.0,533.0
GY304,Biotechnology,465.0,473.0
GY308,Environmental Science,408.0,413.0
GY309,Financial Mathematics and Economics,487.0,454.0
GY310,Marine Science,419.0,409.0
GY313,Environmental Health and Safety,412.0,402.0
GY314,Earth and Ocean Sciences,403.0,402.0
GY318,Biopharmaceutical Chemistry,509.0,510.0
GY319,Mathematical Science,476.0,456.0
GY320,"Physics (Degree options: Applied,Astrophysics,Biomedical,Theoretical)",402.0,401.0
GY350,Computer Science and Information Technology,403.0,425.0
GY401,Engineering (Undenominated),465.0,444.0
GY402,Civil Engineering,455.0,509.0
GY405,Mechanical Engineering,454.0,443.0
GY406,Electronic and Computer Engineering,510.0,509.0
GY408,Biomedical Engineering,509.0,519.0
GY410,Project and Construction Management,403.0,434.0
GY413,Energy Systems Engineering,502.0,532.0
GY414,Electrical and Electronic Engineering,405.0,454.0
GY502,Occupational Therapy,555.0,532.0
GY503,Speech and Language Therapy,543.0,529.0
GY504,Podiatric Medicine,443.0,434.0
GY515,General Nursing (Galway and Portiuncula),473.0,442.0
GY516,Mental Health Nursing,440.0,388.0
GY517,Midwifery,495.0,429.0
ID001,Accounting and Finance,203.0,229.0
ID002,Business Studies,294.0,285.0
LC220,Digital Marketing,262.0,254.0
LC223,Law and Taxation,307.0,308.0
LC224,Accounting and Finance,300.0,299.0
LC225,Marketing and Management,298.0,298.0
LC226,Enterprise and Innovation,234.0,216.0
LC233,Software Development,272.0,300.0
LC234,Interactive Digital Media,225.0,219.0
LC236,Internet Systems Development,260.0,298.0
LC239,Computer Networks and Systems Management,309.0,335.0
LC241,Construction Management,255.0,276.0
LC242,Property Valuation and Management,282.0,292.0
LC243,Quantity Surveying,298.0,281.0
LC248,Built Environment (Common Entry),288.0,307.0
LC252,Civil Engineering Management,270.0,281.0
LC263,Clinical Technology,294.0,282.0
LC265,Forensic and Pharmaceutical Sciences,413.0,335.0
LC266,Drug and Medicinal Product Analysis,262.0,236.0
LC275,Electrical Engineering,298.0,288.0
LC288,Mechanical Engineering,346.0,307.0
LC289,Precision Engineering,291.0,280.0
LC292,Social Care Work,367.0,360.0
LC293,Business Studies with Travel and Tourism Management,307.0,299.0
LC294,Business Studies with Event Management,279.0,271.0
LC295,Business Studies with Sports Management,252.0,263.0
LC297,Community Development,235.0,217.0
LC320,Business,346.0,337.0
LC330,Business with Computing,297.0,298.0
LC340,Interior Design,350.0,298.0
LC362,Biotechnology and Biopharmaceutical Sciences,413.0,379.0
LC371,Creative Broadcast and Film Production,309.0,298.0
LC372,Music Technology and Production,325.0,321.0
LC374,Renewable and Electrical Energy Engineering,318.0,317.0
LC375,Industrial Automation and Robotic Systems,317.0,321.0
LC376,Electronic Engineering,318.0,308.0
LC380,Automotive Engineering and Transport Management,298.0,282.0
LC392,Business Studies in Beauty and Spa Management,236.0,217.0
LC393,Early Childhood Education and Care,236.0,260.0
LC401,Early Childhood Education and Care,297.0,298.0
LC402,Social Care Work,225.0,209.0
LC408,Environmental Science and Climate,279.0,262.0
LC418,Computing - Games Design and Development,270.0,271.0
LC422,Sports Strength and Conditioning,298.0,288.0
LC434,Environmental Science and Agriculture,297.0,278.0
LC517,Creative Media and Design,234.0,229.0
LC612,Social Care Work,320.0,319.0
LC613,Early Childhood Education and Care,242.0,346.0
LM002,Arts,348.0,329.0
LM020,Law and Accounting,465.0,436.0
LM028,Criminal Justice,418.0,387.0
LM029,Law Plus,490.0,473.0
LM038,Psychology and Sociology,500.0,478.0
LM039,Journalism and Digital Communication,402.0,388.0
LM040,European Studies,369.0,350.0
LM044,Applied Languages,442.0,404.0
LM050,Business Studies (options),431.0,419.0
LM056,International Business,528.0,511.0
LM058,Financial Mathematics,403.0,434.0
LM063,Technology Management,379.0,372.0
LM068,Food Science and Health,421.0,400.0
LM077,Aeronautical Engineering,520.0,469.0
LM082,Construction Management and Engineering,398.0,368.0
LM089,Sport and Exercise Sciences,474.0,441.0
LM092,Science with Teacher Ed (Biology with Physics/Chemistry/Ag Science),507.0,478.0
LM093,Equine Science,339.0,338.0
LM094,Materials and Architectural Technology with concurrent Teacher Education,440.0,405.0
LM095,Materials and Engineering Technology with concurrent Teacher Education,367.0,358.0
LM096,Science with Teacher Ed (Physical Sciences with Chemistry and Physics),405.0,382.0
LM102,Psychology,509.0,495.0
LM115,Chemical and Biochemical Engineering,454.0,456.0
LM116,Engineering (Biomedical/Civil/Design and Manufacture/Mechanical),476.0,434.0
LM118,Electronic and Computer Engineering,403.0,401.0
LM121,Computer Science (Computer Systems/Games Dev/Mobile Comm Security),351.0,352.0
LM122,Creative Media and Interaction Design (Digital Design/Music Media Tech),327.0,330.0
LM123,Biological & Chemical Sciences (Biosci/Envir Sci/Ind Bio/IndPharma Chem),441.0,412.0
LM125,Physics (Applied Physics or Mathematics & Physics),404.0,405.0
LM152,Mental Health Nursing,419.0,388.0
LM156,Midwifery,469.0,429.0
LY108,Business - Accounting,309.0,318.0
LY118,Business,290.0,287.0
LY208,Law,300.0,300.0
LY228,Sports and Exercise - Common Entry,300.0,278.0
LY508,Fire Safety Engineering,276.0,270.0
LY518,Quantity Surveying,301.0,307.0
LY528,Construction Management,271.0,267.0
LY608,Mechanical Engineering,300.0,304.0
LY618,Electronic Engineering,312.0,307.0
LY708,Applied Computing,306.0,300.0
LY818,Science - Common Entry,303.0,302.0
LY828,Agriculture - Common Entry,307.0,300.0
LY908,General Nursing,400.0,383.0
LY928,Intellectual Disability Nursing,328.0,288.0
LY968,"Early Childhood Care, Health and Education",303.0,300.0
LY978,Health & Social Care - Common Entry,280.0,260.0
MH101,Arts,318.0,316.0
MH106,Psychology - 3 years,521.0,495.0
MH107,Social Science,346.0,326.0
MH109,Media Studies,316.0,317.0
MH201,Science,360.0,350.0
MH202,Biotechnology,455.0,429.0
MH204,Physics with Astrophysics,422.0,420.0
MH206,Theoretical Physics and Mathematics,510.0,498.0
MH207,Data Science,445.0,434.0
MH208,Biological and Biomedical Sciences,498.0,451.0
MH209,Psychology (through Science) - 4 years,498.0,473.0
MH210,Pharmaceutical and Biomedical Chemistry,487.0,446.0
MH212,Science or Maths & Computer Science or Maths & Applied Maths (with Ed),422.0,444.0
MH304,Engineering (Computer/Electronic/Communications),333.0,371.0
MH305,Product Design,357.0,358.0
MH306,Robotics and Intelligent Devices,361.0,361.0
MH401,Finance (options),357.0,352.0
MH402,Quantitative Finance,476.0,476.0
MH403,Accounting and Finance,422.0,402.0
MH404,Business (options),430.0,400.0
MH405,Equine Business,357.0,357.0
MH407,Business and Accounting,420.0,401.0
MH411,Entrepreneurship,371.0,358.0
MH501,LLB Law - four year Single Major Law programme,473.0,451.0
MH502,Law (options),451.0,410.0
MH601,Computer Science through Arts (options),352.0,342.0
MH602,Computer Science through Science (options),351.0,357.0
MH603,Computational Thinking,532.0,520.0
MH801,Early Childhood - Teaching and Learning (part-time),327.0,347.0
MI001,Contemporary & Applied Theatre Studies,390.0,345.0
MI002,Arts,281.0,300.0
MI007,Early Childhood Care and Education,357.0,366.0
MI008,Education and Psychology - Primary Teaching,588.0,543.0
MI009,"Education, Business Studies and Accounting",402.0,392.0
MI010,"Education, Business Studies and Religious Studies",368.0,326.0
MI011,"Education, Gaeilge and Religious Studies",409.0,377.0
MI012,"Education, Gaeilge and Business Studies",401.0,398.0
MI013,"Education, Mathematics and Gaeilge",444.0,433.0
MU001,Theology and Arts,290.0,290.0
MU002,Theology,440.0,292.0
NC003,Computing (Degree Award options),260.0,261.0
NC005,Human Resource Management,300.0,297.0
NC009,Business,300.0,297.0
NC010,Psychology,400.0,366.0
NC020,Marketing Practice,282.0,270.0
NC022,Accounting and Finance,337.0,338.0
NC023,Technology Management (with specialisations),261.0,260.0
PC405,"Social, Political and Community Studies",216.0,251.0
PC410,Arts and Humanities (fulfils Teaching Council requirements),209.0,203.0
PC411,English and History (fulfils Teaching Council requirements),209.0,168.0
RC005,Pharmacy,578.0,555.0
SG141,Business,261.0,252.0
SG142,Business in International Marketing and Languages (French),279.0,270.0
SG144,Business in International Marketing and Languages (Spanish),270.0,280.0
SG146,Accounting,309.0,307.0
SG147,Sport with Business,307.0,269.0
SG148,Tourism with Event Management,269.0,246.0
SG241,Performing Arts,328.0,279.0
SG242,Early Childhood Care and Education,279.0,278.0
SG243,Social Care Practice,301.0,297.0
SG245,Creative Design,282.0,261.0
SG246,Computing,290.0,295.0
SG247,English and Psychology,309.0,308.0
SG248,Sociology and Politics,281.0,282.0
SG249,Writing and Literature,297.0,279.0
SG250,Application Design and User Experience,412.0,290.0
SG251,Computing (Smart Technologies),342.0,303.0
SG252,Software Development,307.0,300.0
SG253,Computer Networks and Cloud Infrastructure,378.0,273.0
SG343,Quantity Surveying,311.0,261.0
SG346,Construction Project Management and Applied Technology,291.0,289.0
SG347,Architecture,360.0,309.0
SG442,Occupational Safety and Health,290.0,289.0
SG443,Human Nutrition,356.0,357.0
SG444,Science Undenominated,338.0,308.0
SG445,Pharmaceutical Science with Drug Development,311.0,347.0
SG447,Health Science and Physical Activity,328.0,316.0
SG448,Forensic Investigation and Analysis,307.0,306.0
SG449,Medical Biotechnology,341.0,329.0
TL801,"Animation, Visual Effects and Motion Design (Level 8)",281.0,281.0
TL802,"TV, Radio and New Media (Level 8)",325.0,306.0
TL810,Computing with Software Development,310.0,309.0
TL811,Computing with Games Development,358.0,310.0
TL815,Computing (Degree Award options),308.0,308.0
TL823,Event Management (3 year programme),299.0,291.0
TL831,Business Studies (Major Specialism in: Acctng or Mktg or Mgmnt),306.0,307.0
TL844,Agricultural Engineering,300.0,311.0
TL845,Civil Engineering,325.0,300.0
TL848,Agricultural Science,308.0,331.0
TL851,Wildlife Biology (Degree Award options),309.0,310.0
TL855,Pharmaceutical Science (Degree Award options),317.0,342.0
TL858,Veterinary Bioscience,308.0,326.0
TL871,Health and Leisure (Degree Award options),300.0,303.0
TL872,Health and Leisure with Massage,309.0,288.0
TL873,Coaching and Sports Performance,289.0,282.0
TL880,Early Childhood Care and Education,307.0,307.0
TL881,Social Care,309.0,308.0
TL890,General Nursing and Mature Applicants,414.0,407.0
TR003,History,456.0,486.0
TR004,Law,565.0,532.0
TR005,Philosophy,442.0,391.0
TR007,Clinical Speech and Language Studies,529.0,499.0
TR015,"Philosophy, Political Science, Economics and Sociology",589.0,566.0
TR016,Deaf Studies,329.0,337.0
TR017,Law and Business,602.0,576.0
TR019,Law and German,542.0,523.0
TR020,Law and Political Science,601.0,567.0
TR021,"Classics, Ancient History and Archaeology",370.0,377.0
TR022,Early and Modern Irish,398.0,347.0
TR023,English Studies,474.0,463.0
TR024,European Studies,530.0,520.0
TR028,Ancient and Medieval History and Culture,342.0,339.0
TR029,Political Science and Geography,510.0,477.0
TR031,Mathematics,531.0,566.0
TR035,Theoretical Physics,543.0,554.0
TR038,Engineering with Management,532.0,499.0
TR039,Computer Science and Language,424.0,435.0
TR040,Middle Eastern and European Languages and Cultures,466.0,485.0
TR041,Religion,368.0,347.0
TR054,Occupational Therapy,533.0,500.0
TR055,Radiation Therapy,543.0,510.0
TR056,Human Health and Disease,564.0,543.0
TR062,Geography and Geoscience,473.0,435.0
TR080,Global Business,589.0,565.0
TR082,Computer Science and Business,555.0,510.0
TR083,Sociology and Social Policy,478.0,451.0
TR085,Business Studies and French,521.0,509.0
TR086,Business Studies and German,499.0,474.0
TR087,Business Studies and Russian,456.0,467.0
TR089,Business Studies and Polish,424.0,393.0
TR090,Business Studies and Spanish,531.0,510.0
TR095,Mental Health Nursing,408.0,358.0
TR097,Intellectual Disability Nursing,378.0,346.0
TR913,Midwifery,473.0,423.0
WD001,Applied Computing (options),260.0,279.0
WD002,Science (options),308.0,302.0
WD005,Health Sciences (options),280.0,288.0
WD006,Exercise Sciences (options),280.0,282.0
WD007,Engineering (options),288.0,287.0
WD025,Construction Management and Engineering,269.0,269.0
WD048,Business (options),271.0,278.0
WD084,Accounting,308.0,307.0
WD091,Hospitality Management,228.0,210.0
WD116,General Nursing,422.0,413.0
WD117,Psychiatric Nursing,366.0,361.0
WD120,Intellectual Disability Nursing,377.0,338.0
WD134,International Business,290.0,289.0
WD137,Design (Visual Communications),271.0,253.0
WD140,Laws,280.0,290.0
WD144,Architecture,284.0,283.0
WD147,Pharmaceutical Science,293.0,298.0
WD149,Early Childhood Studies,271.0,288.0
WD150,Criminal Justice Studies,270.0,271.0
WD161,Computer Forensics and Security,255.0,262.0
WD162,Quantity Surveying,216.0,260.0
WD163,Psychology,434.0,390.0
WD186,Sports Coaching and Performance,270.0,276.0
WD187,Social Science,272.0,271.0
WD191,Agricultural Science,377.0,378.0
WD192,Social Care Practice,270.0,279.0
WD193,Marketing and Digital Media,271.0,290.0
WD194,Culinary Arts,217.0,235.0
WD195,Architectural and Building Information Modelling Technology,279.0,266.0
WD210,Software Systems Development,279.0,271.0
WD211,Creative Computing,271.0,275.0
WD212,Recreation and Sport Management,270.0,274.0
WD230,Mechanical and Manufacturing Engineering,253.0,273.0
